PDB ID,8oq5
1_13,inf
2_14,inf
3_15,inf
4_16,inf
5_17,0.5842359277203406
6_18,0.5855187486824459
7_19,0.5630939428258993
8_20,0.543607012673078
9_21,0.5538486228807281
10_22,0.5558606820195366
11_23,0.5636576068268346
12_24,0.5471763310231081
13_25,0.4601543296728403
14_26,0.4788219800044641
15_27,0.5195671265194006
16_28,0.4091885600317606
17_29,0.4255116034342771
18_30,0.31298849452728306
19_31,0.535457218752949
20_32,0.5001105567516739
21_33,0.481121358412656
22_34,0.48556684979768133
23_35,0.4958274344159482
24_36,0.5821764711490987
25_37,0.5842833839176099
26_38,0.5807593375133325
27_39,0.5357808132395914
28_40,0.5940666351002164
29_41,0.6028298525477023
30_42,0.464111322083619
31_43,0.5256334401029112
32_44,0.5621125601851966
33_45,0.5460663597651957
34_46,0.5481874785783318
35_47,0.5571709700516302
36_48,0.5574257136560888
37_49,0.5790357558357635
38_50,0.46307898153623894
39_51,0.5418912781124379
40_52,0.5766664806767247
41_53,0.3887915019049259
42_54,0.2911056397716848
43_55,0.48696222697417973
44_56,0.2793303661628193
45_57,0.6346659836973731
46_58,0.40259492477145037
47_59,0.5244805609896026
48_60,0.5310672033337777
49_61,0.6965225039640895
50_62,0.5815850452373783
51_63,0.3239320225648502
52_64,0.3862838934406642
53_65,0.5805066504095953
54_66,0.3841398595071065
55_67,0.26465859018552934
56_68,0.5895131141255329
57_69,0.5746599572595786
58_70,0.5504228273631744
59_71,0.5349906143652174
60_72,inf
61_73,inf
62_74,inf
63_75,inf
64_76,inf
65_77,inf
66_78,inf
67_79,inf
