PDB ID,8oq5
1_15,inf
2_16,inf
3_17,inf
4_18,inf
5_19,0.6184112936331629
6_20,0.5907698829663333
7_21,0.5894469545920231
8_22,0.6057235023867575
9_23,0.6537506501106194
10_24,0.655673337722406
11_25,0.6100900787508298
12_26,0.577089187994279
13_27,0.5879614603011979
14_28,0.589205298294524
15_29,0.6108724409886104
16_30,0.7331019523306668
17_31,0.6018378372988614
18_32,0.5288656038976515
19_33,0.5674484632334234
20_34,0.4725539451086628
21_35,0.49803891241859544
22_36,0.5461463158680773
23_37,0.7536513647144524
24_38,0.6285631431742892
25_39,0.618512239670795
26_40,0.4532019520595164
27_41,0.5451368027688992
28_42,0.5239441135632728
29_43,0.5205438584993132
30_44,0.48021101678186406
31_45,0.5329093348916347
32_46,0.5882935893581491
33_47,0.5648989249516697
34_48,0.5329284268713863
35_49,0.5983826840266494
36_50,0.6202190034876459
37_51,0.6419371956042934
38_52,0.555486092434198
39_53,0.6762758435036238
40_54,0.6549699466792855
41_55,0.2424856123970772
42_56,0.49750804249224084
43_57,0.5024285929573569
44_58,0.36588233160462696
45_59,0.5158830376024984
46_60,0.5978648481421469
47_61,0.6546876107307293
48_62,0.6659478480558676
49_63,0.41943361318031175
50_64,0.34698874505260063
51_65,0.4027811321252911
52_66,0.40476259659876074
53_67,0.33943184456784076
54_68,0.5942059530488135
55_69,0.6027480801571834
56_70,0.6101528982951345
57_71,0.6138230280599586
58_72,inf
59_73,inf
60_74,inf
61_75,inf
62_76,inf
63_77,inf
64_78,inf
65_79,inf
