PDB ID,8oq5
1_17,inf
2_18,inf
3_19,inf
4_20,inf
5_21,0.6326953970963187
6_22,0.6289084682932835
7_23,0.6619013010044221
8_24,0.6728025896089861
9_25,0.7216284571594367
10_26,0.6863965851258507
11_27,0.6530363625540577
12_28,0.6282972707796802
13_29,0.6398655604250278
14_30,0.6552375681040348
15_31,0.7258376843760461
16_32,0.5813362040494507
17_33,0.6500035832367622
18_34,0.5607873843525489
19_35,0.5887907963676293
20_36,0.6996983575761955
21_37,0.578217298512815
22_38,0.680406820069795
23_39,0.8144605954164537
24_40,0.5195899313303438
25_41,0.5377348003255729
26_42,0.5446068661497219
27_43,0.5165030268454295
28_44,0.5528042916418862
29_45,0.6040385745253738
30_46,0.5907481890866573
31_47,0.6065771592597452
32_48,0.6371147383783464
33_49,0.5732946938473044
34_50,0.6050997301590477
35_51,0.6382750230151022
36_52,0.7216916360802228
37_53,0.8116903316753881
38_54,0.7816379238316504
39_55,0.7377748471448217
40_56,0.7528766452072935
41_57,0.2566650999985946
42_58,0.5795121214835577
43_59,0.47383955010949164
44_60,0.6178456665655273
45_61,0.675313088299207
46_62,0.6467257435238056
47_63,0.7344366511642033
48_64,0.40441044256293823
49_65,0.3579454884052381
50_66,0.3846200868572315
51_67,0.3937396800411433
52_68,0.6493530948486838
53_69,0.6290189300835699
54_70,0.6277152475419234
55_71,0.6275360711345251
56_72,inf
57_73,inf
58_74,inf
59_75,inf
60_76,inf
61_77,inf
62_78,inf
63_79,inf
