,2mvx,5kk3,6shs,7q4b,7q4m,8kew,8kf3,8kf4,8kf5
1-13,inf,inf,inf,inf,inf,inf,inf,inf,inf
2-14,inf,inf,inf,inf,inf,inf,inf,inf,inf
3-15,inf,inf,inf,inf,inf,inf,inf,inf,inf
4-16,inf,inf,inf,inf,inf,inf,inf,inf,inf
5-17,inf,inf,inf,inf,inf,inf,inf,inf,inf
6-18,0.3119554257334016,inf,inf,inf,inf,inf,inf,inf,inf
7-19,0.3871295381816335,inf,inf,inf,inf,inf,inf,inf,inf
8-20,0.40438888101963666,inf,inf,inf,inf,inf,inf,inf,inf
9-21,inf,inf,inf,inf,inf,inf,inf,inf,inf
10-22,inf,inf,0.3424151201091763,inf,inf,inf,inf,inf,inf
11-23,inf,inf,0.30802054189710326,inf,inf,inf,inf,inf,inf
12-24,inf,0.3559359059557139,0.43114161542617363,inf,inf,inf,inf,inf,inf
13-25,inf,0.40903802218476687,inf,inf,inf,inf,inf,inf,inf
14-26,inf,inf,0.3842657827365235,inf,0.3202902898429803,inf,inf,inf,inf
15-27,inf,inf,0.5251801802318565,inf,0.3341962825437824,inf,inf,inf,inf
16-28,inf,inf,inf,inf,0.2806379721808583,inf,inf,inf,inf
17-29,inf,0.3807258033845632,inf,inf,0.26042102040375825,inf,inf,inf,inf
18-30,inf,inf,inf,inf,inf,inf,inf,inf,inf
19-31,inf,inf,inf,0.3183836704148929,inf,0.31219228423438933,inf,0.31641788632456136,0.30864855014795606
20-32,inf,inf,inf,0.3060234300753559,0.32339158622144704,0.3088008830382229,inf,0.304614517165607,0.3118620903104938
21-33,inf,inf,inf,0.22836849543332036,0.27303855908924507,0.23203005362342424,inf,0.2283193563409708,0.2374446893859395
22-34,inf,0.33146059348994256,inf,0.22860928108842224,0.24897468094575825,0.22872823443790713,0.2758487643062305,0.22636286012867068,0.2331524507042281
23-35,inf,0.5130308677506353,inf,0.3136528044438925,0.4067030723676745,0.32563124800120574,0.4144720905699927,0.3173986596625715,0.325646267100157
24-36,0.31701302893740224,inf,inf,0.32900615691441787,inf,0.3353243290737637,inf,0.3322023118419474,0.33627319210511397
25-37,0.41889943358198767,inf,inf,0.4311458333512225,inf,0.42690141077209914,inf,0.4310848299246855,0.42690489483908933
