,2mvx,5kk3,6shs,7q4b,7q4m,8kew,8kf3,8kf4,8kf5
1-15,inf,inf,inf,inf,inf,inf,inf,inf,inf
2-16,inf,inf,inf,inf,inf,inf,inf,inf,inf
3-17,inf,inf,inf,inf,inf,inf,inf,inf,inf
4-18,0.3426636407279293,inf,inf,inf,inf,inf,inf,inf,inf
5-19,0.3562071360212159,inf,inf,inf,inf,inf,inf,inf,inf
6-20,inf,inf,inf,inf,inf,inf,inf,inf,inf
7-21,inf,inf,inf,inf,inf,inf,inf,inf,inf
8-22,inf,inf,inf,inf,inf,inf,inf,inf,inf
9-23,inf,inf,inf,inf,inf,inf,inf,inf,inf
10-24,inf,inf,inf,inf,inf,inf,inf,inf,inf
11-25,inf,inf,inf,inf,inf,inf,inf,inf,inf
12-26,inf,inf,inf,inf,inf,inf,inf,inf,inf
13-27,inf,inf,inf,inf,inf,inf,inf,inf,inf
14-28,inf,inf,inf,inf,inf,inf,inf,inf,inf
15-29,inf,inf,inf,inf,inf,inf,inf,inf,inf
16-30,inf,inf,inf,inf,0.3315823714292631,inf,inf,inf,inf
17-31,inf,inf,inf,0.32175890635656323,0.4568382001891787,0.3142125240522259,inf,0.31627889516330854,0.3115866221814795
18-32,inf,inf,inf,0.3970336145271537,inf,0.3927685932521357,inf,0.39696112562726993,0.3898544268760995
19-33,inf,inf,inf,inf,inf,inf,inf,inf,inf
20-34,inf,0.40444214439719284,inf,0.24816188455385163,0.3251606329243236,0.2508135170992286,inf,0.24916945191317538,0.2545704079438167
21-35,inf,inf,inf,0.2710008767984199,0.36429917717103855,0.2791852549963286,inf,0.2737800124327621,0.2836879242006568
22-36,inf,inf,inf,0.3476818601766106,0.40253582717590275,0.3475396074565362,0.3943795019157089,0.34808826165491163,0.34856236477335123
23-37,inf,inf,inf,0.4208744845929437,0.48418508462941323,0.4216626720572899,0.47472743576767684,0.42240099438259576,0.42089567285125684
24-38,0.46798170897309355,inf,inf,inf,inf,inf,inf,inf,inf
