PDB ID,8ons
1_17,inf
2_18,inf
3_19,inf
4_20,inf
5_21,inf
6_22,inf
7_23,inf
8_24,0.47048523593122676
9_25,0.23866339295958366
10_26,0.3301148278975181
11_27,0.3332881070849919
12_28,0.40003787870052665
13_29,0.592560773936231
14_30,0.5062187833069933
15_31,0.46324554609329327
16_32,0.4878278401256587
17_33,0.5536497449050859
18_34,0.5767753960431471
19_35,0.5985400200945874
20_36,0.6077747047842716
21_37,0.6016614710964694
22_38,0.4525628239514717
23_39,0.34209535265975993
24_40,0.2726699036855421
25_41,0.32398014996229785
26_42,0.22830015160668626
27_43,0.2444777801718979
28_44,0.14537362020678884
29_45,0.19152889800056858
30_46,0.2466609385363799
31_47,0.38902115848261165
32_48,0.4854483539375014
33_49,0.5755026522272993
34_50,0.6033468779709451
35_51,0.5851728433967569
36_52,0.5543226776428449
37_53,0.4818075681544681
38_54,0.5389026057566912
39_55,0.6246137292100247
40_56,0.7158646484492289
41_57,0.7747080170105978
42_58,0.899822367663111
43_59,0.8934537422216533
44_60,0.8920753543327823
45_61,0.834320072621962
46_62,0.7562721289817018
47_63,0.7245946449633074
48_64,0.7743474050823267
49_65,0.6239388362942166
50_66,0.6656749779365965
51_67,0.6442680394102763
52_68,0.6162043886703502
53_69,0.6911270285205646
54_70,0.5592745621487837
55_71,0.44918594230576875
56_72,0.43355116987111464
57_73,0.48967796238733563
58_74,0.5682845213437131
59_75,0.6018849259610463
60_76,0.684971305530223
61_77,0.7435513665344002
62_78,0.6227613205748439
63_79,0.848768977881862
64_80,0.6335806392194432
65_81,0.6037316764420109
66_82,0.6278388786008198
67_83,0.5433084321787499
68_84,0.6863480647995508
69_85,0.6954934907926654
70_86,0.6723232965658474
71_87,0.6617597347635875
72_88,0.853055887261186
73_89,0.7338814192740091
74_90,0.661299290957021
75_91,0.5105773447218381
76_92,0.5401249077449543
77_93,0.7614464747025446
78_94,0.7479552624539088
79_95,0.5156951078517756
80_96,0.5926241289164913
81_97,0.5928549140203911
82_98,0.5973999121681319
83_99,0.6497851239025623
84_100,0.6842363574271262
