PDB ID,8ons
1_15,inf
2_16,inf
3_17,inf
4_18,inf
5_19,inf
6_20,inf
7_21,inf
8_22,0.2526251493131484
9_23,0.267346734609142
10_24,0.31673093068496094
11_25,0.2757284181243756
12_26,0.21858039022485243
13_27,0.22626949563588766
14_28,0.3784773523185084
15_29,0.5791527695871809
16_30,0.7206087113388719
17_31,0.547182174011271
18_32,0.4481508058534236
19_33,0.4721527228288879
20_34,0.3609154796377181
21_35,0.3799956090066507
22_36,0.3352244564950531
23_37,0.3774097787479302
24_38,0.3856410315988369
25_39,0.2988970160789504
26_40,0.2301013303268419
27_41,0.18295428109001705
28_42,0.14431693180412208
29_43,0.2951157531173882
30_44,0.14816414972065356
31_45,0.18957134540227744
32_46,0.26514191465567344
33_47,0.39088489353601574
34_48,0.4971027793715389
35_49,0.5685886233615121
36_50,0.5599084924156824
37_51,0.47250029621375667
38_52,0.4589422756163925
39_53,0.44744490313718
40_54,0.5369369901089678
41_55,0.5468610302403649
42_56,0.6823973901297655
43_57,0.7438136127367759
44_58,0.6207584692695456
45_59,0.8846120367918135
46_60,0.7475367692366179
47_61,0.4934654442885509
48_62,0.6215828911669589
49_63,0.6544352640856517
50_64,0.6141254141822734
51_65,0.6393036620017771
52_66,0.4963925976926905
53_67,0.6044279853351324
54_68,0.47619521736464654
55_69,0.47586760679416695
56_70,0.47051614691211163
57_71,0.4322348150071682
58_72,0.4939588281148473
59_73,0.5860033236054258
60_74,0.4812412095357562
61_75,0.5689793350333014
62_76,0.4688842684394749
63_77,0.6313778034362824
64_78,0.6029373900544909
65_79,0.4562229549702182
66_80,0.45594616435994106
67_81,0.4561766171700266
68_82,0.5604898827677697
69_83,0.604356075503337
70_84,0.5629271157973708
71_85,0.5922668908711748
72_86,0.6590026493130651
73_87,0.8088577100104738
74_88,0.7268828515079072
75_89,0.49696044297140374
76_90,0.487884441469824
77_91,0.4297045908661688
78_92,0.561787374120702
79_93,0.5120479563196566
80_94,0.4076085264786154
81_95,0.4518574896345545
82_96,0.4585950172372977
83_97,0.4763843209273639
84_98,0.5460172235850002
85_99,0.5127231407877844
86_100,0.47054438264390724
