PDB ID,8ons
1_13,inf
2_14,inf
3_15,inf
4_16,inf
5_17,inf
6_18,inf
7_19,inf
8_20,0.23653889338022038
9_21,0.32470627571587624
10_22,0.3282023269345357
11_23,0.23411022996954353
12_24,0.25221415708417416
13_25,0.2191375883661654
14_26,0.225857572349433
15_27,0.2428845023717372
16_28,0.3235687733405185
17_29,0.2977944488131308
18_30,0.37896247543798045
19_31,0.40104257210399324
20_32,0.4008746181691218
21_33,0.37108799021126404
22_34,0.36834076569635926
23_35,0.26094765583474916
24_36,0.2857962809655662
25_37,0.2663719395354578
26_38,0.260829289493828
27_39,0.2271495938392381
28_40,0.19546155203164226
29_41,0.20058043239956538
30_42,0.13611658864370657
31_43,0.1940347796624314
32_44,0.15821283473668588
33_45,0.17210715994574938
34_46,0.2947776157739546
35_47,0.4132362900904238
36_48,0.4739179672254358
37_49,0.5052154847771192
38_50,0.46758386471209157
39_51,0.38498082181050974
40_52,0.39943476492824137
41_53,0.45006495119418544
42_54,0.44620990796907306
43_55,0.46235287549530363
44_56,0.5657236073263093
45_57,0.7179074088872929
46_58,0.765219893175055
47_59,0.6298345338435792
48_60,0.5172600685100133
49_61,0.5163953780620916
50_62,0.5251465394166226
51_63,0.5192295810958498
52_64,0.6137946610590334
53_65,0.6221784716719383
54_66,0.5165303879844227
55_67,0.4544321841865604
56_68,0.4221299031520627
57_69,0.30071631506784824
58_70,0.2846734736309391
59_71,0.38425804614950587
60_72,0.32585239198461374
61_73,0.4190354907992619
62_74,0.3370538390964693
63_75,0.45826618797047275
64_76,0.5108820165835445
65_77,0.6335586901055917
66_78,0.4900040730741927
67_79,0.28256657312653255
68_80,0.3861945525590412
69_81,0.44803467595082536
70_82,0.5282105041828277
71_83,0.4976433236034882
72_84,0.5772015379851732
73_85,0.677018139814893
74_86,0.6166111577420355
75_87,0.578077092405586
76_88,0.5063490779663691
77_89,0.3524154296750549
78_90,0.35816150989991147
79_91,0.3493734732747126
80_92,0.2619173434045491
81_93,0.3937362120334385
82_94,0.31774517341109443
83_95,0.2519061921188518
84_96,0.35229446540760134
85_97,0.4334806263119589
86_98,0.22555120001985302
87_99,0.3427320459254718
88_100,0.3402110375619151
