,7vzf-chain-B,7vzf
1-15,inf,inf
2-16,inf,inf
3-17,inf,inf
4-18,inf,0.33671343281266103
5-19,inf,0.32741371220768906
6-20,inf,0.2860056506248101
7-21,inf,0.2726057052974247
8-22,inf,0.2743164737232835
9-23,inf,0.26552805839244276
10-24,inf,0.2893131883355051
11-25,inf,0.44276700660442064
12-26,inf,inf
13-27,inf,inf
14-28,inf,inf
15-29,inf,inf
16-30,inf,inf
17-31,inf,inf
18-32,inf,inf
19-33,inf,inf
20-34,inf,inf
21-35,inf,inf
22-36,inf,inf
23-37,inf,inf
24-38,inf,inf
25-39,inf,inf
26-40,inf,0.21345224637549237
27-41,inf,0.21333473443322304
28-42,inf,0.18619875528025953
29-43,inf,0.23961100783330766
30-44,inf,inf
31-45,inf,inf
32-46,inf,inf
33-47,inf,inf
34-48,inf,inf
35-49,inf,inf
36-50,inf,inf
37-51,inf,inf
38-52,inf,0.35513118950868827
39-53,inf,0.36534752742477006
40-54,inf,0.41653822489676073
41-55,inf,inf
42-56,inf,inf
43-57,inf,inf
44-58,inf,inf
45-59,inf,inf
46-60,inf,inf
47-61,inf,inf
48-62,inf,inf
49-63,inf,inf
50-64,inf,inf
51-65,inf,inf
52-66,inf,inf
53-67,inf,inf
54-68,inf,inf
55-69,inf,inf
56-70,inf,inf
57-71,inf,inf
58-72,inf,inf
59-73,inf,inf
60-74,inf,inf
61-75,inf,inf
62-76,inf,inf
63-77,inf,inf
64-78,inf,inf
65-79,inf,inf
66-80,inf,inf
67-81,inf,inf
68-82,inf,inf
69-83,inf,inf
70-84,inf,inf
71-85,inf,inf
72-86,inf,inf
73-87,inf,inf
74-88,inf,inf
75-89,inf,inf
76-90,inf,inf
77-91,inf,inf
78-92,inf,inf
79-93,inf,inf
80-94,inf,inf
81-95,inf,inf
82-96,inf,inf
83-97,inf,inf
84-98,inf,inf
85-99,inf,inf
86-100,inf,inf
87-101,0.39263693352661466,inf
88-102,inf,inf
89-103,inf,inf
90-104,inf,inf
91-105,0.3184160639694985,inf
92-106,0.3091779271673336,inf
93-107,0.3275749528668232,inf
94-108,0.3225896948670306,inf
95-109,0.4084533028274496,inf
96-110,inf,inf
97-111,0.34774731060465836,inf
98-112,0.3491953343407207,inf
99-113,0.4344243871555369,inf
100-114,inf,inf
101-115,inf,inf
102-116,inf,inf
103-117,0.4710592849507935,inf
104-118,inf,inf
105-119,inf,inf
106-120,inf,inf
107-121,inf,inf
108-122,inf,inf
109-123,inf,inf
110-124,0.4097486334617921,inf
111-125,inf,inf
112-126,inf,inf
113-127,inf,inf
114-128,inf,inf
115-129,inf,inf
116-130,inf,inf
117-131,inf,inf
118-132,inf,inf
119-133,inf,inf
120-134,inf,inf
121-135,inf,inf
122-136,inf,inf
123-137,inf,inf
124-138,inf,inf
125-139,inf,inf
126-140,inf,inf
127-141,inf,inf
128-142,inf,inf
129-143,inf,inf
130-144,inf,inf
131-145,inf,inf
132-146,inf,inf
133-147,inf,inf
134-148,inf,inf
135-149,0.3636658560089059,inf
