,7vzf-chain-B,7vzf
1-17,inf,inf
2-18,inf,inf
3-19,inf,inf
4-20,inf,0.3234644992734161
5-21,inf,0.31780467705968596
6-22,inf,0.3132432820976643
7-23,inf,0.2675532323528381
8-24,inf,0.3231458126180914
9-25,inf,0.3123053568377891
10-26,inf,0.36889279734475205
11-27,inf,0.4456189236085651
12-28,inf,inf
13-29,inf,inf
14-30,inf,inf
15-31,inf,inf
16-32,inf,inf
17-33,inf,inf
18-34,inf,inf
19-35,inf,inf
20-36,inf,inf
21-37,inf,inf
22-38,inf,inf
23-39,inf,inf
24-40,inf,0.8636380602370505
25-41,inf,inf
26-42,inf,0.21872195706345793
27-43,inf,0.7067444659232052
28-44,inf,inf
29-45,inf,inf
30-46,inf,inf
31-47,inf,inf
32-48,inf,inf
33-49,inf,inf
34-50,inf,inf
35-51,inf,inf
36-52,inf,inf
37-53,inf,inf
38-54,inf,inf
39-55,inf,inf
40-56,inf,inf
41-57,inf,inf
42-58,inf,inf
43-59,inf,inf
44-60,inf,inf
45-61,inf,inf
46-62,inf,inf
47-63,inf,inf
48-64,inf,inf
49-65,inf,inf
50-66,inf,inf
51-67,inf,inf
52-68,inf,inf
53-69,inf,inf
54-70,inf,inf
55-71,inf,inf
56-72,inf,inf
57-73,inf,inf
58-74,inf,inf
59-75,inf,inf
60-76,inf,inf
61-77,inf,inf
62-78,inf,inf
63-79,inf,inf
64-80,inf,inf
65-81,inf,inf
66-82,inf,inf
67-83,inf,inf
68-84,inf,inf
69-85,inf,inf
70-86,inf,inf
71-87,inf,inf
72-88,inf,inf
73-89,inf,inf
74-90,inf,inf
75-91,inf,inf
76-92,inf,inf
77-93,inf,inf
78-94,inf,inf
79-95,inf,inf
80-96,inf,inf
81-97,inf,inf
82-98,inf,inf
83-99,inf,inf
84-100,inf,inf
85-101,inf,inf
86-102,inf,inf
87-103,inf,inf
88-104,inf,inf
89-105,inf,inf
90-106,inf,inf
91-107,0.3320090016349924,inf
92-108,0.30572642860784943,inf
93-109,0.3248590744434754,inf
94-110,0.37195189624916053,inf
95-111,0.41192327178033816,inf
96-112,inf,inf
97-113,inf,inf
98-114,inf,inf
99-115,inf,inf
100-116,inf,inf
101-117,inf,inf
102-118,inf,inf
103-119,inf,inf
104-120,inf,inf
105-121,inf,inf
106-122,inf,inf
107-123,inf,inf
108-124,inf,inf
109-125,inf,inf
110-126,inf,inf
111-127,inf,inf
112-128,inf,inf
113-129,inf,inf
114-130,inf,inf
115-131,0.5289052877157788,inf
